-- phpMyAdmin SQL Dump
-- version 5.0.4
-- https://www.phpmyadmin.net/
--
-- Host: localhost
-- Generation Time: Apr 04, 2021 at 04:39 PM
-- Server version: 10.4.17-MariaDB
-- PHP Version: 8.0.1

SET SQL_MODE = "NO_AUTO_VALUE_ON_ZERO";
START TRANSACTION;
SET time_zone = "+00:00";


/*!40101 SET @OLD_CHARACTER_SET_CLIENT=@@CHARACTER_SET_CLIENT */;
/*!40101 SET @OLD_CHARACTER_SET_RESULTS=@@CHARACTER_SET_RESULTS */;
/*!40101 SET @OLD_COLLATION_CONNECTION=@@COLLATION_CONNECTION */;
/*!40101 SET NAMES utf8mb4 */;

--
-- Database: `mechat`
--

-- --------------------------------------------------------

--
-- Table structure for table `contacts`
--

CREATE TABLE `contacts` (
  `id` int(11) NOT NULL,
  `contact_name` varchar(255) NOT NULL,
  `user_id` int(11) NOT NULL,
  `friend_id` int(11) NOT NULL,
  `createdAt` timestamp NOT NULL DEFAULT current_timestamp(),
  `updatedAt` timestamp NOT NULL DEFAULT '0000-00-00 00:00:00' ON UPDATE current_timestamp()
) ENGINE=InnoDB DEFAULT CHARSET=utf8;

--
-- Dumping data for table `contacts`
--

INSERT INTO `contacts` (`id`, `contact_name`, `user_id`, `friend_id`, `createdAt`, `updatedAt`) VALUES
(12, 'Mina', 47, 20, '2021-03-16 06:50:37', '0000-00-00 00:00:00'),
(17, 'Mathius', 56, 20, '2021-03-16 11:39:50', '0000-00-00 00:00:00'),
(20, 'Kak Mina', 60, 20, '2021-03-16 15:55:29', '0000-00-00 00:00:00'),
(21, 'Kak Jihyo', 60, 47, '2021-03-16 15:56:47', '0000-00-00 00:00:00'),
(22, 'Kak Chaeyong', 60, 56, '2021-03-16 15:58:17', '0000-00-00 00:00:00'),
(23, 'Tessa', 60, 54, '2021-03-16 15:58:54', '0000-00-00 00:00:00'),
(24, 'Kak Momo', 60, 53, '2021-03-16 15:59:52', '0000-00-00 00:00:00'),
(26, 'Mathius', 47, 60, '2021-03-17 09:31:32', '0000-00-00 00:00:00'),
(27, 'Mathius', 20, 60, '2021-03-17 12:05:54', '0000-00-00 00:00:00'),
(30, 'Mathius', 64, 60, '2021-03-18 06:21:15', '0000-00-00 00:00:00'),
(31, 'Mathius', 65, 60, '2021-03-18 07:01:16', '0000-00-00 00:00:00'),
(33, 'Kak Dahyun', 60, 64, '2021-04-04 13:29:16', '0000-00-00 00:00:00');

-- --------------------------------------------------------

--
-- Table structure for table `messages`
--

CREATE TABLE `messages` (
  `id` int(11) NOT NULL,
  `user_id` int(11) NOT NULL,
  `friend_id` int(11) NOT NULL,
  `message` text NOT NULL,
  `createdAt` timestamp NOT NULL DEFAULT current_timestamp(),
  `updatedAt` timestamp NOT NULL DEFAULT '0000-00-00 00:00:00' ON UPDATE current_timestamp()
) ENGINE=InnoDB DEFAULT CHARSET=utf8;

--
-- Dumping data for table `messages`
--

INSERT INTO `messages` (`id`, `user_id`, `friend_id`, `message`, `createdAt`, `updatedAt`) VALUES
(38, 60, 47, 'halo kak jihyo', '2021-03-17 09:32:02', '0000-00-00 00:00:00'),
(39, 47, 60, 'iya knp ?', '2021-03-17 09:32:18', '0000-00-00 00:00:00'),
(42, 60, 47, 'btw, kabar kak jihyou gmna skrg ?', '2021-03-17 09:37:56', '0000-00-00 00:00:00'),
(43, 47, 60, 'baik, kamu sendiri?', '2021-03-17 09:40:13', '0000-00-00 00:00:00'),
(44, 60, 47, 'baik juga, oh iya kak lagu Cry For Me mv nya kapan di bikin kak ?', '2021-03-17 09:40:55', '0000-00-00 00:00:00'),
(45, 47, 60, 'y', '2021-03-17 10:35:50', '0000-00-00 00:00:00'),
(46, 60, 47, 'red velvet', '2021-03-17 10:43:33', '0000-00-00 00:00:00'),
(47, 20, 60, 'hai mathius', '2021-03-17 12:06:08', '0000-00-00 00:00:00'),
(48, 60, 20, 'iya kak, ada apa ya ?', '2021-03-17 12:08:06', '0000-00-00 00:00:00'),
(49, 20, 60, 'gmna kabarnya ?', '2021-03-17 12:08:22', '0000-00-00 00:00:00'),
(50, 60, 20, 'baik kak, kak mina sendiri ?', '2021-03-17 12:08:38', '0000-00-00 00:00:00'),
(51, 20, 60, 'baik juga ', '2021-03-17 12:08:53', '0000-00-00 00:00:00'),
(52, 20, 60, 'oh iya btw, skg lgi sibuk apa ?', '2021-03-17 12:09:13', '0000-00-00 00:00:00'),
(53, 60, 20, 'aku lgi ikut training pemrograman kak, bootcamp mobile developer gtu wwkwkw', '2021-03-17 12:09:59', '0000-00-00 00:00:00'),
(54, 20, 60, 'whoa, keren ya. semangat', '2021-03-17 12:10:29', '0000-00-00 00:00:00'),
(55, 60, 20, 'terima kasih kak', '2021-03-17 12:10:40', '0000-00-00 00:00:00'),
(56, 20, 60, 'iya sama2', '2021-03-17 13:11:26', '0000-00-00 00:00:00'),
(57, 20, 60, 'ok', '2021-03-17 13:42:39', '0000-00-00 00:00:00'),
(58, 60, 20, 'wkwkwk :v', '2021-03-17 13:43:21', '0000-00-00 00:00:00'),
(59, 20, 60, 'yoi', '2021-03-17 13:58:08', '0000-00-00 00:00:00'),
(61, 20, 60, 'hey tayo', '2021-03-17 14:17:57', '0000-00-00 00:00:00'),
(62, 20, 60, 'Jk', '2021-03-17 14:42:31', '0000-00-00 00:00:00'),
(63, 60, 20, ':v', '2021-03-17 14:46:43', '0000-00-00 00:00:00'),
(64, 20, 60, 'F', '2021-03-17 14:49:21', '0000-00-00 00:00:00'),
(65, 20, 60, 'Z', '2021-03-17 14:49:31', '0000-00-00 00:00:00'),
(66, 60, 20, ':v', '2021-03-17 14:49:40', '0000-00-00 00:00:00'),
(67, 60, 20, ':vd', '2021-03-17 14:49:45', '0000-00-00 00:00:00'),
(68, 20, 60, 'C', '2021-03-17 14:51:20', '0000-00-00 00:00:00'),
(69, 60, 20, ':vd', '2021-03-17 14:51:38', '0000-00-00 00:00:00'),
(70, 60, 20, 'header\'s', '2021-03-17 14:52:32', '0000-00-00 00:00:00'),
(71, 20, 60, 'Yoi', '2021-03-17 14:52:49', '0000-00-00 00:00:00'),
(73, 60, 20, 'iya ?', '2021-03-18 01:16:41', '0000-00-00 00:00:00'),
(156, 60, 60, 'kenps ?', '2021-03-18 05:10:42', '0000-00-00 00:00:00'),
(157, 60, 60, 'kenps ?', '2021-03-18 05:11:53', '0000-00-00 00:00:00'),
(159, 60, 60, 'kenps ?', '2021-03-18 05:13:49', '0000-00-00 00:00:00'),
(219, 47, 60, 'hai mathius', '2021-03-18 06:09:52', '0000-00-00 00:00:00'),
(220, 60, 47, 'iya kak', '2021-03-18 06:10:11', '0000-00-00 00:00:00'),
(221, 64, 60, 'matt', '2021-03-18 06:21:31', '0000-00-00 00:00:00'),
(222, 60, 64, 'iya kak', '2021-03-18 06:21:58', '0000-00-00 00:00:00'),
(224, 65, 60, 'halo', '2021-03-18 07:02:16', '0000-00-00 00:00:00'),
(225, 60, 65, 'iya kak', '2021-03-18 07:02:23', '0000-00-00 00:00:00'),
(226, 60, 65, 'iya kak', '2021-03-18 07:02:27', '0000-00-00 00:00:00'),
(227, 60, 65, 'hey', '2021-03-18 07:05:31', '0000-00-00 00:00:00'),
(228, 60, 47, 'malam kak jihyo', '2021-03-26 17:34:47', '0000-00-00 00:00:00'),
(229, 47, 60, 'Mlm juga', '2021-03-26 17:44:30', '0000-00-00 00:00:00'),
(230, 47, 60, 'Ho', '2021-03-26 17:45:20', '0000-00-00 00:00:00'),
(231, 47, 60, 'Wkkwke', '2021-03-26 17:47:08', '0000-00-00 00:00:00'),
(232, 60, 47, 'iya jon', '2021-03-26 17:47:59', '0000-00-00 00:00:00'),
(233, 47, 60, 'Gk msk', '2021-03-26 17:48:37', '0000-00-00 00:00:00'),
(234, 60, 47, 'yah', '2021-03-26 17:49:36', '0000-00-00 00:00:00'),
(235, 60, 47, 'yah', '2021-03-27 02:51:01', '0000-00-00 00:00:00'),
(236, 60, 47, 'pagi', '2021-04-03 06:19:49', '0000-00-00 00:00:00'),
(237, 47, 60, 'screen plus', '2021-04-03 06:45:05', '0000-00-00 00:00:00'),
(238, 60, 47, 'suju', '2021-04-03 08:36:54', '0000-00-00 00:00:00'),
(239, 47, 60, 'SNSD', '2021-04-03 08:37:17', '0000-00-00 00:00:00'),
(240, 60, 47, 'sbs', '2021-04-03 08:38:28', '0000-00-00 00:00:00'),
(241, 47, 60, 'Host Party', '2021-04-03 08:39:15', '0000-00-00 00:00:00'),
(242, 47, 60, 'IU', '2021-04-03 13:26:01', '0000-00-00 00:00:00'),
(243, 60, 47, 'bener biy', '2021-04-03 13:26:15', '0000-00-00 00:00:00'),
(244, 47, 60, 'commet lake', '2021-04-03 14:25:09', '0000-00-00 00:00:00'),
(245, 60, 47, 'pyscho', '2021-04-03 14:37:19', '0000-00-00 00:00:00'),
(246, 47, 60, 'Nasi Angkasa', '2021-04-03 14:57:16', '0000-00-00 00:00:00'),
(247, 60, 47, 'NASA', '2021-04-03 15:03:08', '0000-00-00 00:00:00'),
(248, 47, 60, 'Kawaki', '2021-04-04 02:33:46', '0000-00-00 00:00:00'),
(249, 60, 47, 'AKDONG', '2021-04-04 02:48:02', '0000-00-00 00:00:00'),
(250, 60, 47, 'insomnia', '2021-04-04 02:54:00', '0000-00-00 00:00:00'),
(251, 47, 60, 'IZOne', '2021-04-04 03:12:37', '0000-00-00 00:00:00'),
(252, 60, 47, 'Russian Roulate', '2021-04-04 03:13:07', '0000-00-00 00:00:00'),
(253, 47, 60, 'Tayeon', '2021-04-04 03:40:21', '0000-00-00 00:00:00'),
(254, 47, 60, 'Tayeon', '2021-04-04 03:40:21', '0000-00-00 00:00:00'),
(255, 60, 47, 'SMTOWN', '2021-04-04 03:40:41', '0000-00-00 00:00:00'),
(256, 47, 60, 'Westlife', '2021-04-04 03:52:58', '0000-00-00 00:00:00'),
(257, 60, 47, 'BoyZone', '2021-04-04 04:11:53', '0000-00-00 00:00:00'),
(258, 47, 60, 'No Matter What', '2021-04-04 04:12:15', '0000-00-00 00:00:00'),
(259, 47, 60, 'No Matter What', '2021-04-04 04:12:16', '0000-00-00 00:00:00'),
(260, 47, 60, 'No Matter What', '2021-04-04 04:12:16', '0000-00-00 00:00:00'),
(261, 60, 47, 'Fragile Heart', '2021-04-04 04:13:13', '0000-00-00 00:00:00'),
(262, 47, 60, 'Fine', '2021-04-04 04:17:46', '0000-00-00 00:00:00'),
(263, 60, 47, 'Happy', '2021-04-04 04:18:05', '0000-00-00 00:00:00'),
(264, 60, 47, 'What do i call you', '2021-04-04 04:19:07', '0000-00-00 00:00:00'),
(265, 47, 60, 'Four Season', '2021-04-04 04:19:26', '0000-00-00 00:00:00'),
(266, 60, 47, 'My Dizzy', '2021-04-04 04:20:05', '0000-00-00 00:00:00'),
(267, 60, 47, 'Violeta', '2021-04-04 04:34:24', '0000-00-00 00:00:00'),
(268, 47, 60, 'Lee Chayeon', '2021-04-04 04:43:03', '0000-00-00 00:00:00'),
(269, 60, 47, 'Lee Charyeong', '2021-04-04 04:43:23', '0000-00-00 00:00:00'),
(270, 47, 60, 'Metal Lee', '2021-04-04 04:43:59', '0000-00-00 00:00:00'),
(271, 60, 47, 'Rock Lee', '2021-04-04 04:44:13', '0000-00-00 00:00:00'),
(272, 60, 47, 'Got That Boom', '2021-04-04 04:46:45', '0000-00-00 00:00:00'),
(273, 47, 60, 'Who Dis', '2021-04-04 04:47:09', '0000-00-00 00:00:00'),
(274, 60, 47, 'Oh My Girl', '2021-04-04 04:57:03', '0000-00-00 00:00:00'),
(275, 47, 60, 'Unniew Lee Chayeon', '2021-04-04 04:57:19', '0000-00-00 00:00:00'),
(276, 60, 47, 'After Effect', '2021-04-04 04:58:32', '0000-00-00 00:00:00'),
(277, 47, 60, 'my lood', '2021-04-04 05:43:56', '0000-00-00 00:00:00'),
(278, 60, 47, 'ya', '2021-04-04 05:44:09', '0000-00-00 00:00:00'),
(279, 47, 60, 'coz my love', '2021-04-04 05:44:22', '0000-00-00 00:00:00'),
(280, 47, 60, 'yosh', '2021-04-04 05:46:42', '0000-00-00 00:00:00'),
(281, 60, 47, 'NDC', '2021-04-04 05:47:16', '0000-00-00 00:00:00'),
(282, 47, 60, 'yokatta ne', '2021-04-04 06:18:09', '0000-00-00 00:00:00'),
(283, 47, 60, 'HP Pavilion', '2021-04-04 06:19:48', '0000-00-00 00:00:00'),
(284, 47, 60, 'HP Pavilion', '2021-04-04 06:20:31', '0000-00-00 00:00:00'),
(285, 47, 60, 'Thinkpad', '2021-04-04 06:20:50', '0000-00-00 00:00:00'),
(286, 60, 47, 'macbook', '2021-04-04 06:21:15', '0000-00-00 00:00:00'),
(287, 60, 47, 'JPPC', '2021-04-04 06:28:18', '0000-00-00 00:00:00'),
(288, 47, 60, 'Hillsong Worship', '2021-04-04 06:28:51', '0000-00-00 00:00:00'),
(289, 60, 47, 'cobain', '2021-04-04 06:29:36', '0000-00-00 00:00:00'),
(290, 47, 60, 'huff', '2021-04-04 06:30:31', '0000-00-00 00:00:00'),
(291, 47, 60, 'huff', '2021-04-04 06:30:31', '0000-00-00 00:00:00'),
(292, 47, 60, 'thanks', '2021-04-04 06:31:50', '0000-00-00 00:00:00'),
(293, 47, 60, 'telegram', '2021-04-04 06:32:10', '0000-00-00 00:00:00'),
(294, 47, 60, 'wa', '2021-04-04 06:32:22', '0000-00-00 00:00:00'),
(295, 47, 60, 'mechat', '2021-04-04 06:32:41', '0000-00-00 00:00:00'),
(296, 47, 60, 'insom', '2021-04-04 06:34:12', '0000-00-00 00:00:00'),
(297, 47, 60, 'Postman', '2021-04-04 06:37:05', '0000-00-00 00:00:00'),
(298, 47, 60, 'Postman 2', '2021-04-04 06:38:47', '0000-00-00 00:00:00'),
(299, 47, 60, 'Postman 3', '2021-04-04 06:39:59', '0000-00-00 00:00:00'),
(300, 47, 60, 'Postman 4', '2021-04-04 06:40:45', '0000-00-00 00:00:00'),
(301, 47, 60, 'Postman 5', '2021-04-04 06:42:27', '0000-00-00 00:00:00'),
(302, 47, 60, 'Postman 6', '2021-04-04 06:43:31', '0000-00-00 00:00:00'),
(303, 47, 60, 'Postman 6', '2021-04-04 06:43:36', '0000-00-00 00:00:00'),
(304, 60, 47, 'yo', '2021-04-04 06:45:11', '0000-00-00 00:00:00'),
(305, 47, 60, 'Postman 7', '2021-04-04 06:47:15', '0000-00-00 00:00:00'),
(306, 60, 47, 'ha', '2021-04-04 06:47:26', '0000-00-00 00:00:00'),
(307, 60, 47, 'what >', '2021-04-04 06:48:51', '0000-00-00 00:00:00'),
(308, 47, 60, 'Postman 8', '2021-04-04 06:49:01', '0000-00-00 00:00:00'),
(309, 47, 60, 'Postman 9', '2021-04-04 06:49:20', '0000-00-00 00:00:00'),
(310, 60, 47, 'type', '2021-04-04 06:49:35', '0000-00-00 00:00:00'),
(311, 47, 60, 'Postman 10', '2021-04-04 07:34:35', '0000-00-00 00:00:00'),
(312, 60, 47, 'ouys', '2021-04-04 07:35:19', '0000-00-00 00:00:00'),
(313, 47, 60, 'nande ?', '2021-04-04 07:35:53', '0000-00-00 00:00:00'),
(314, 47, 20, 'mina', '2021-04-04 08:05:27', '0000-00-00 00:00:00'),
(315, 47, 60, 'ups', '2021-04-04 08:07:38', '0000-00-00 00:00:00'),
(316, 47, 60, 'nape', '2021-04-04 08:08:28', '0000-00-00 00:00:00'),
(317, 47, 60, 'oy', '2021-04-04 08:08:47', '0000-00-00 00:00:00'),
(318, 47, 60, 'Tafi', '2021-04-04 08:10:40', '0000-00-00 00:00:00'),
(319, 47, 60, ' tadi 2', '2021-04-04 08:11:27', '0000-00-00 00:00:00'),
(320, 47, 60, ' tadi 2', '2021-04-04 08:11:27', '0000-00-00 00:00:00'),
(321, 47, 60, 'tafi 3', '2021-04-04 08:11:52', '0000-00-00 00:00:00'),
(322, 47, 60, 'tafi 4', '2021-04-04 08:12:16', '0000-00-00 00:00:00'),
(323, 47, 60, 'tafi 5', '2021-04-04 08:12:28', '0000-00-00 00:00:00'),
(324, 47, 60, 'tafi 6', '2021-04-04 12:16:21', '0000-00-00 00:00:00'),
(325, 47, 60, 'tafi 7', '2021-04-04 12:16:49', '0000-00-00 00:00:00'),
(326, 47, 60, 'tafi 8', '2021-04-04 12:17:19', '0000-00-00 00:00:00'),
(327, 47, 60, 'tafi 9', '2021-04-04 12:37:00', '0000-00-00 00:00:00'),
(328, 47, 60, 'tafi 10', '2021-04-04 12:38:10', '0000-00-00 00:00:00'),
(329, 47, 60, 'tafi 11', '2021-04-04 12:46:50', '0000-00-00 00:00:00'),
(330, 47, 60, 'tafi 12', '2021-04-04 12:49:16', '0000-00-00 00:00:00'),
(331, 47, 60, 'tafi 13', '2021-04-04 12:49:35', '0000-00-00 00:00:00'),
(332, 47, 60, 'tafi 13', '2021-04-04 12:49:35', '0000-00-00 00:00:00'),
(333, 47, 60, 'tafi 14', '2021-04-04 12:49:49', '0000-00-00 00:00:00'),
(334, 60, 47, 'nice', '2021-04-04 12:50:02', '0000-00-00 00:00:00'),
(335, 47, 60, 'tafi 15', '2021-04-04 12:50:20', '0000-00-00 00:00:00'),
(336, 47, 60, 'tafi 16', '2021-04-04 12:51:51', '0000-00-00 00:00:00'),
(337, 47, 60, 'tafi 17', '2021-04-04 12:54:24', '0000-00-00 00:00:00'),
(338, 60, 47, 'hey', '2021-04-04 12:54:43', '0000-00-00 00:00:00'),
(339, 47, 60, 'tafi 19', '2021-04-04 12:58:23', '0000-00-00 00:00:00'),
(340, 60, 47, 'Hiff', '2021-04-04 12:58:38', '0000-00-00 00:00:00'),
(341, 47, 60, 'tafi 20', '2021-04-04 12:59:06', '0000-00-00 00:00:00'),
(342, 60, 47, 'hmmm', '2021-04-04 13:01:16', '0000-00-00 00:00:00'),
(343, 60, 47, 'ya', '2021-04-04 13:02:24', '0000-00-00 00:00:00'),
(344, 60, 47, 'hmm maybe', '2021-04-04 13:04:39', '0000-00-00 00:00:00'),
(345, 60, 47, 'weird', '2021-04-04 13:07:49', '0000-00-00 00:00:00'),
(346, 47, 60, 'weird ?', '2021-04-04 13:08:08', '0000-00-00 00:00:00'),
(347, 60, 47, 'gaje', '2021-04-04 13:09:08', '0000-00-00 00:00:00'),
(348, 60, 47, 'why', '2021-04-04 13:15:57', '0000-00-00 00:00:00'),
(349, 60, 47, 'nai', '2021-04-04 13:16:49', '0000-00-00 00:00:00'),
(350, 60, 47, 'hmm :\"', '2021-04-04 13:17:59', '0000-00-00 00:00:00'),
(351, 47, 60, 'hmmm terus', '2021-04-04 13:18:07', '0000-00-00 00:00:00'),
(352, 60, 47, 'wkwkwk becanda', '2021-04-04 13:18:23', '0000-00-00 00:00:00'),
(353, 47, 60, 'Sucessfully', '2021-04-04 13:19:43', '0000-00-00 00:00:00'),
(354, 47, 60, 'Yuta', '2021-04-04 13:28:45', '0000-00-00 00:00:00'),
(355, 60, 47, 'Tsuguru', '2021-04-04 13:29:37', '0000-00-00 00:00:00'),
(356, 47, 60, 'Nakayama', '2021-04-04 13:29:53', '0000-00-00 00:00:00'),
(357, 60, 47, 'dare ?', '2021-04-04 13:30:14', '0000-00-00 00:00:00'),
(358, 47, 60, 'Japanese Christian Youtuver', '2021-04-04 13:30:38', '0000-00-00 00:00:00'),
(359, 60, 47, 'oualah', '2021-04-04 13:31:05', '0000-00-00 00:00:00'),
(360, 60, 47, 'i know him', '2021-04-04 13:32:03', '0000-00-00 00:00:00'),
(361, 47, 60, 'hey', '2021-04-04 14:19:10', '0000-00-00 00:00:00'),
(362, 60, 47, 'iya knp ?', '2021-04-04 14:19:24', '0000-00-00 00:00:00');

-- --------------------------------------------------------

--
-- Table structure for table `users`
--

CREATE TABLE `users` (
  `id` int(11) NOT NULL,
  `full_name` varchar(255) DEFAULT NULL,
  `phone_number` varchar(255) NOT NULL,
  `email` varchar(255) NOT NULL,
  `picture` varchar(255) NOT NULL DEFAULT 'nophoto.png',
  `about` varchar(255) DEFAULT NULL,
  `status` varchar(255) NOT NULL DEFAULT 'available',
  `otp` varchar(255) DEFAULT NULL,
  `createdAt` timestamp NOT NULL DEFAULT current_timestamp(),
  `updatedAt` timestamp NOT NULL DEFAULT '0000-00-00 00:00:00' ON UPDATE current_timestamp()
) ENGINE=InnoDB DEFAULT CHARSET=utf8;

--
-- Dumping data for table `users`
--

INSERT INTO `users` (`id`, `full_name`, `phone_number`, `email`, `picture`, `about`, `status`, `otp`, `createdAt`, `updatedAt`) VALUES
(20, 'Myoi Mina', '08953261764410', 'mathiuskormasela12@gmail.com', 'rn_image_picker_lib_temp_7b0cef61-54bd-4a83-b443-c7d08580811e-1615800616899.jpg', 'I am Mina member at girls group Twice', 'available', 'null', '2021-03-15 02:27:05', '2021-04-04 08:04:46'),
(47, 'Kim Jihyo', '0895326176442', 'kormaseladjemi@gmail.com', 'rn_image_picker_lib_temp_262c67dc-bc30-46ab-80bb-e026f80664f5-1615877326394.jpg', 'I\'m Leader at Twice', 'available', 'null', '2021-03-16 06:47:49', '2021-04-04 06:46:22'),
(53, 'Hirai Momo', '089532617645', 'walletchipofficial@gmail.com', 'nophoto.png', 'I\'m Momo a dancing machine', 'available', 'null', '2021-03-16 08:08:56', '2021-03-16 08:10:19'),
(54, 'Tessa', '0895326176449', 'graciakormasela1002@gmail.com', 'nophoto.png', NULL, 'available', 'null', '2021-03-16 10:25:52', '2021-03-16 10:26:35'),
(56, 'Chaeyong', '089532617644900', 'samdicova12@gmail.com', 'rn_image_picker_lib_temp_6de7d27a-34f8-4f90-b81a-c5e93184bb48-1615894671136.jpg', 'Twice rapper', 'Busy', 'null', '2021-03-16 11:33:07', '2021-03-16 11:54:03'),
(60, 'Mathius ', '0895326176440', 'mathiuskormasela12rpl@gmail.com', 'rn_image_picker_lib_temp_c0c3cd32-50b0-42db-8208-115b61984e8c-1615909863211.jpg', 'I\'m Full Stack Developer', 'busy', 'null', '2021-03-16 15:41:04', '2021-04-04 14:29:20'),
(64, 'Chayeong 123', '0895326176445000', 'evalinasianturi77@gmail.coms', 'rn_image_picker_lib_temp_7cdcdcf9-d42f-4b8c-bea3-b32e72fe95c1-1616048255750.jpg', 'I a chaeyong\'s', 'busy', 'null', '2021-03-18 06:15:57', '2021-03-18 06:19:43'),
(65, 'Dahyiu 2', '0895326176445000', 'evalinasianturi77@gmail.coms', 'rn_image_picker_lib_temp_6e09fc99-db74-4a03-9fec-5ccb968e1507-1616050740437.jpg', 'Me', 'busy', 'null', '2021-03-18 06:57:00', '2021-03-18 07:00:34');

--
-- Indexes for dumped tables
--

--
-- Indexes for table `contacts`
--
ALTER TABLE `contacts`
  ADD PRIMARY KEY (`id`),
  ADD KEY `user_id` (`user_id`),
  ADD KEY `friend_id` (`friend_id`);

--
-- Indexes for table `messages`
--
ALTER TABLE `messages`
  ADD PRIMARY KEY (`id`),
  ADD KEY `contact_id` (`user_id`),
  ADD KEY `friend_id` (`friend_id`);

--
-- Indexes for table `users`
--
ALTER TABLE `users`
  ADD PRIMARY KEY (`id`);

--
-- AUTO_INCREMENT for dumped tables
--

--
-- AUTO_INCREMENT for table `contacts`
--
ALTER TABLE `contacts`
  MODIFY `id` int(11) NOT NULL AUTO_INCREMENT, AUTO_INCREMENT=34;

--
-- AUTO_INCREMENT for table `messages`
--
ALTER TABLE `messages`
  MODIFY `id` int(11) NOT NULL AUTO_INCREMENT, AUTO_INCREMENT=363;

--
-- AUTO_INCREMENT for table `users`
--
ALTER TABLE `users`
  MODIFY `id` int(11) NOT NULL AUTO_INCREMENT, AUTO_INCREMENT=66;

--
-- Constraints for dumped tables
--

--
-- Constraints for table `contacts`
--
ALTER TABLE `contacts`
  ADD CONSTRAINT `contacts_ibfk_1` FOREIGN KEY (`user_id`) REFERENCES `users` (`id`) ON DELETE CASCADE ON UPDATE CASCADE,
  ADD CONSTRAINT `contacts_ibfk_2` FOREIGN KEY (`friend_id`) REFERENCES `users` (`id`) ON DELETE CASCADE ON UPDATE CASCADE;

--
-- Constraints for table `messages`
--
ALTER TABLE `messages`
  ADD CONSTRAINT `messages_ibfk_1` FOREIGN KEY (`user_id`) REFERENCES `users` (`id`) ON DELETE CASCADE ON UPDATE CASCADE,
  ADD CONSTRAINT `messages_ibfk_2` FOREIGN KEY (`friend_id`) REFERENCES `users` (`id`) ON DELETE CASCADE ON UPDATE CASCADE;
COMMIT;

/*!40101 SET CHARACTER_SET_CLIENT=@OLD_CHARACTER_SET_CLIENT */;
/*!40101 SET CHARACTER_SET_RESULTS=@OLD_CHARACTER_SET_RESULTS */;
/*!40101 SET COLLATION_CONNECTION=@OLD_COLLATION_CONNECTION */;
